{"cameraMode":{"drawMode":0,"name":"Shaded","section":"Shading Mode"},"sceneLighting":true,"audioPlay":false,"sceneViewState":{"m_AlwaysRefresh":false,"showFog":true,"showSkybox":true,"showFlares":true,"showImageEffects":true,"showParticleSystems":true,"showVisualEffectGraphs":true,"m_FxEnabled":true},"in2DMode":false,"pivot":{"x":0.16637389361858369,"y":1.7493972778320313,"z":-3.353604316711426},"rotation":{"x":-0.03826822713017464,"y":-0.708186149597168,"z":0.038499511778354648,"w":-0.7039427161216736},"size":1.6407934427261353,"orthographic":false}